machine_id,event_type,status_code,status_description,event_seq_code,last_fetched_at,last_seen_at,is_present
203,B,64,Mech - Press Other,,2026-08-10 23:10:56.238-05,2026-08-10 23:10:56.238-05,t
205,B,41-2,Maintenance - Electrical,,2026-08-10 23:15:58.286-05,2026-08-10 23:15:58.286-05,t
206,B,145-99,Other,,2026-08-10 22:04:02.519-05,2026-08-10 22:04:02.519-05,t
207,B,95,Press Problem / Impression,,2026-08-10 22:15:06.344-05,2026-08-10 22:15:06.344-05,t
208,M,47,Make Ready - Time Required to Setup Job,,2026-08-10 21:36:11.056-05,2026-08-10 21:36:11.056-05,t
209,M,48,Make Ready Sleeves,,2026-08-10 22:53:52.33-05,2026-08-10 22:53:52.33-05,t
210,B,64,Mech - Press Other,,2026-08-10 23:05:54.647-05,2026-08-10 23:05:54.647-05,t
211,M,47,Make Ready - Time Required to Setup Job,,2026-08-10 22:42:49.784-05,2026-08-10 22:42:49.784-05,t
212,B,145-3,Drum Clean,,2026-08-10 22:44:50.247-05,2026-08-10 22:44:50.247-05,t
213,G,150,Run Production,,2026-08-10 21:36:11.056-05,2026-08-10 21:36:11.056-05,t
214,M,47-16,MR Score Line (Anilox),,2026-08-10 22:37:48.621-05,2026-08-10 22:37:48.621-05,t
215,B,95,Press Problem / Impression,,2026-08-10 23:12:57.181-05,2026-08-10 23:12:57.181-05,t
