fetched_at,machine_count,changed_machine_count,stale_machine_count
2026-08-10 09:29:00.415-05,12,12,0
2026-08-10 09:30:00.762-05,12,0,0
2026-08-10 09:31:00.816-05,12,0,0
2026-08-10 09:32:00.849-05,12,1,0
2026-08-10 09:33:00.941-05,12,0,0
2026-08-10 09:34:01.06-05,12,0,0
2026-08-10 09:35:01.127-05,12,0,0
2026-08-10 09:36:01.189-05,12,0,0
2026-08-10 09:37:01.617-05,12,0,0
2026-08-10 09:38:01.878-05,12,0,0
2026-08-10 09:39:02.047-05,12,0,0
2026-08-10 09:40:02.124-05,12,0,0
2026-08-10 09:40:30.22-05,12,0,0
2026-08-10 09:41:30.588-05,12,0,0
2026-08-10 09:42:30.796-05,12,0,0
2026-08-10 09:43:31.006-05,12,0,0
2026-08-10 09:44:31.256-05,12,0,0
2026-08-10 09:45:31.477-05,12,2,0
2026-08-10 09:45:59.944-05,12,0,0
2026-08-10 09:47:00.237-05,12,0,0
2026-08-10 09:48:00.428-05,12,0,0
2026-08-10 09:49:00.659-05,12,0,0
2026-08-10 09:50:00.874-05,12,0,0
2026-08-10 09:51:01.042-05,12,0,0
2026-08-10 09:52:01.234-05,12,0,0
2026-08-10 09:53:01.451-05,12,1,0
2026-08-10 09:54:01.65-05,12,1,0
2026-08-10 09:55:01.921-05,12,0,0
2026-08-10 09:56:02.16-05,12,0,0
2026-08-10 09:57:02.462-05,12,0,0
2026-08-10 09:58:02.776-05,12,0,0
2026-08-10 09:59:03.026-05,12,0,0
2026-08-10 10:00:03.287-05,12,0,0
2026-08-10 10:01:03.447-05,12,0,0
2026-08-10 10:02:03.78-05,12,0,0
2026-08-10 10:03:04.156-05,12,0,0
2026-08-10 10:04:04.381-05,12,0,0
2026-08-10 10:05:04.691-05,12,0,0
2026-08-10 10:06:05.095-05,12,0,0
2026-08-10 10:07:05.35-05,12,0,0
2026-08-10 10:08:05.589-05,12,0,0
2026-08-10 10:09:05.847-05,12,0,0
2026-08-10 10:10:06.174-05,12,0,0
2026-08-10 10:11:06.457-05,12,0,0
2026-08-10 10:12:06.751-05,12,0,0
2026-08-10 10:13:06.981-05,12,0,0
2026-08-10 10:14:07.213-05,12,0,0
2026-08-10 10:15:07.434-05,12,0,0
2026-08-10 10:16:07.717-05,12,0,0
2026-08-10 10:17:07.953-05,12,0,0
2026-08-10 10:18:08.245-05,12,0,0
2026-08-10 10:19:08.476-05,12,0,0
2026-08-10 10:20:08.7-05,12,0,0
2026-08-10 10:21:08.961-05,12,1,0
2026-08-10 10:22:09.234-05,12,0,0
2026-08-10 10:23:09.461-05,12,0,0
2026-08-10 10:24:09.744-05,12,1,0
2026-08-10 10:25:09.978-05,12,0,0
2026-08-10 10:26:10.265-05,12,0,0
2026-08-10 10:27:10.511-05,12,0,0
2026-08-10 10:28:10.742-05,12,0,0
2026-08-10 10:29:10.988-05,12,0,0
2026-08-10 10:30:11.366-05,12,0,0
2026-08-10 10:31:11.601-05,12,0,0
2026-08-10 10:32:11.899-05,12,1,0
2026-08-10 10:33:12.166-05,12,1,0
2026-08-10 10:34:12.383-05,12,0,0
2026-08-10 10:35:12.605-05,12,1,0
2026-08-10 10:36:12.827-05,12,0,0
2026-08-10 10:37:13.411-05,12,1,0
2026-08-10 10:38:13.65-05,12,0,0
2026-08-10 10:39:13.858-05,12,0,0
2026-08-10 10:40:14.097-05,12,0,0
2026-08-10 10:41:14.404-05,12,0,0
2026-08-10 10:42:14.644-05,12,0,0
2026-08-10 10:43:15.172-05,12,0,0
2026-08-10 10:44:15.455-05,12,0,0
2026-08-10 10:45:15.697-05,12,2,0
2026-08-10 10:46:15.973-05,12,1,0
2026-08-10 10:47:16.202-05,12,1,0
2026-08-10 10:48:16.54-05,12,0,0
2026-08-10 10:48:39.851-05,12,0,0
2026-08-10 10:49:40.152-05,12,1,0
2026-08-10 10:50:40.484-05,12,0,0
2026-08-10 10:51:40.699-05,12,0,0
2026-08-10 11:05:14.122-05,12,1,0
2026-08-10 11:06:14.464-05,12,0,0
2026-08-10 11:07:14.675-05,12,0,0
2026-08-10 11:08:14.951-05,12,1,0
2026-08-10 11:09:15.201-05,12,0,0
2026-08-10 11:10:15.445-05,12,0,0
2026-08-10 11:11:15.694-05,12,0,0
2026-08-10 11:12:15.966-05,12,0,0
2026-08-10 11:13:16.195-05,12,0,0
2026-08-10 11:14:16.572-05,12,0,0
2026-08-10 11:15:17.039-05,12,1,0
2026-08-10 11:16:17.376-05,12,0,0
2026-08-10 11:17:17.591-05,12,0,0
2026-08-10 11:18:17.875-05,12,0,0
2026-08-10 11:19:18.098-05,12,0,0
2026-08-10 11:20:18.331-05,12,0,0
2026-08-10 11:21:18.556-05,12,0,0
2026-08-10 11:22:18.796-05,12,1,0
2026-08-10 11:23:19.05-05,12,0,0
2026-08-10 11:24:19.301-05,12,0,0
2026-08-10 11:25:19.569-05,12,0,0
2026-08-10 11:26:19.709-05,12,0,0
2026-08-10 11:27:19.831-05,12,0,0
2026-08-10 11:28:20.112-05,12,0,0
2026-08-10 11:29:21.257-05,12,0,0
2026-08-10 11:30:21.547-05,12,0,0
2026-08-10 11:31:21.809-05,12,0,0
2026-08-10 11:32:22.087-05,12,0,0
2026-08-10 11:33:22.411-05,12,0,0
2026-08-10 11:34:22.556-05,12,0,0
2026-08-10 11:35:22.677-05,12,0,0
2026-08-10 11:36:22.895-05,12,0,0
2026-08-10 11:37:23.013-05,12,0,0
2026-08-10 11:38:23.146-05,12,0,0
2026-08-10 11:39:23.529-05,12,0,0
2026-08-10 11:40:23.805-05,12,1,0
2026-08-10 11:41:23.987-05,12,0,0
2026-08-10 11:42:24.221-05,12,0,0
2026-08-10 11:43:24.414-05,12,0,0
2026-08-10 11:44:24.716-05,12,0,0
2026-08-10 11:45:25-05,12,2,0
2026-08-10 11:46:25.284-05,12,1,0
2026-08-10 11:47:25.434-05,12,0,0
2026-08-10 11:48:25.684-05,12,0,0
2026-08-10 11:49:25.872-05,12,0,0
2026-08-10 11:50:26.105-05,12,0,0
2026-08-10 11:51:26.253-05,12,0,0
2026-08-10 11:52:26.294-05,12,0,0
2026-08-10 11:53:26.461-05,12,0,0
2026-08-10 11:54:26.593-05,12,0,0
2026-08-10 11:55:26.834-05,12,0,0
2026-08-10 11:56:27.03-05,12,1,0
2026-08-10 11:57:27.251-05,12,0,0
2026-08-10 11:58:27.508-05,12,1,0
2026-08-10 11:59:27.769-05,12,0,0
2026-08-10 12:00:27.975-05,12,2,0
2026-08-10 12:01:28.097-05,12,0,0
2026-08-10 12:02:28.122-05,12,0,0
2026-08-10 12:03:28.254-05,12,0,0
2026-08-10 12:04:28.39-05,12,0,0
2026-08-10 12:05:28.606-05,12,0,0
2026-08-10 12:06:28.815-05,12,0,0
2026-08-10 12:07:29.042-05,12,0,0
2026-08-10 12:08:29.138-05,12,0,0
2026-08-10 12:09:29.408-05,12,0,0
2026-08-10 12:10:29.603-05,12,1,0
2026-08-10 12:11:29.832-05,12,0,0
2026-08-10 12:12:30.03-05,12,0,0
2026-08-10 12:13:30.147-05,12,0,0
2026-08-10 12:14:30.328-05,12,0,0
2026-08-10 12:15:30.511-05,12,0,0
2026-08-10 12:16:30.676-05,12,0,0
2026-08-10 12:17:30.768-05,12,0,0
2026-08-10 12:18:31.024-05,12,0,0
2026-08-10 12:19:31.145-05,12,0,0
2026-08-10 12:20:31.457-05,12,0,0
2026-08-10 12:21:31.599-05,12,0,0
2026-08-10 12:22:31.844-05,12,1,0
2026-08-10 12:23:31.972-05,12,0,0
2026-08-10 12:24:32.212-05,12,0,0
2026-08-10 12:25:32.386-05,12,0,0
2026-08-10 12:26:32.645-05,12,0,0
2026-08-10 12:27:32.779-05,12,0,0
2026-08-10 12:28:33.081-05,12,0,0
2026-08-10 12:29:33.241-05,12,0,0
2026-08-10 12:30:33.627-05,12,2,0
2026-08-10 12:31:33.846-05,12,1,0
2026-08-10 12:32:34.096-05,12,0,0
2026-08-10 12:33:34.245-05,12,0,0
2026-08-10 12:34:34.434-05,12,0,0
2026-08-10 12:35:34.568-05,12,0,0
2026-08-10 12:36:34.795-05,12,0,0
2026-08-10 12:37:35.012-05,12,0,0
2026-08-10 12:38:35.211-05,12,0,0
2026-08-10 12:39:35.431-05,12,1,0
2026-08-10 12:40:35.681-05,12,2,0
2026-08-10 12:41:35.817-05,12,0,0
2026-08-10 12:42:36.047-05,12,0,0
2026-08-10 12:43:36.162-05,12,0,0
2026-08-10 12:44:36.681-05,12,1,0
2026-08-10 12:45:36.945-05,12,0,0
2026-08-10 12:46:37.154-05,12,0,0
2026-08-10 12:47:37.437-05,12,0,0
2026-08-10 12:48:37.687-05,12,0,0
2026-08-10 12:49:37.832-05,12,1,0
2026-08-10 12:50:38.057-05,12,0,0
2026-08-10 12:51:38.299-05,12,1,0
2026-08-10 12:52:38.561-05,12,0,0
2026-08-10 12:53:38.683-05,12,1,0
2026-08-10 12:54:38.932-05,12,0,0
2026-08-10 12:55:39.165-05,12,0,0
2026-08-10 12:56:41.854-05,12,1,0
2026-08-10 12:57:42.136-05,12,0,0
2026-08-10 12:58:42.359-05,12,0,0
2026-08-10 12:59:42.614-05,12,0,0
2026-08-10 13:00:42.855-05,12,0,0
2026-08-10 13:01:43.004-05,12,0,0
2026-08-10 13:02:43.188-05,12,0,0
2026-08-10 13:03:43.427-05,12,0,0
2026-08-10 13:04:43.665-05,12,0,0
2026-08-10 13:05:43.925-05,12,0,0
2026-08-10 13:06:44.161-05,12,0,0
2026-08-10 13:07:44.422-05,12,0,0
2026-08-10 13:08:44.661-05,12,0,0
2026-08-10 13:09:44.794-05,12,0,0
2026-08-10 13:10:45.108-05,12,0,0
2026-08-10 13:11:45.402-05,12,0,0
2026-08-10 13:12:45.557-05,12,0,0
2026-08-10 13:13:45.839-05,12,0,0
2026-08-10 13:14:45.902-05,12,0,0
2026-08-10 13:15:46.053-05,12,0,0
2026-08-10 13:16:46.216-05,12,0,0
2026-08-10 13:17:46.372-05,12,0,0
2026-08-10 13:18:46.45-05,12,0,0
2026-08-10 13:19:46.615-05,12,0,0
2026-08-10 13:20:46.676-05,12,0,0
2026-08-10 13:21:46.825-05,12,0,0
2026-08-10 13:22:46.985-05,12,0,0
2026-08-10 13:23:47.114-05,12,0,0
2026-08-10 13:24:47.326-05,12,0,0
2026-08-10 13:25:47.48-05,12,0,0
2026-08-10 13:26:47.651-05,12,0,0
2026-08-10 13:27:47.773-05,12,0,0
2026-08-10 13:28:47.835-05,12,0,0
2026-08-10 13:29:48.014-05,12,0,0
2026-08-10 13:30:48.186-05,12,1,0
2026-08-10 13:31:48.364-05,12,0,0
2026-08-10 13:32:48.423-05,12,0,0
2026-08-10 13:33:48.581-05,12,0,0
2026-08-10 13:34:48.642-05,12,0,0
2026-08-10 13:35:48.744-05,12,0,0
2026-08-10 13:36:48.804-05,12,0,0
2026-08-10 13:37:48.932-05,12,1,0
2026-08-10 13:38:48.995-05,12,0,0
2026-08-10 13:39:49.117-05,12,0,0
2026-08-10 13:40:49.24-05,12,0,0
2026-08-10 13:41:49.41-05,12,0,0
2026-08-10 13:42:49.551-05,12,0,0
2026-08-10 13:43:49.719-05,12,0,0
2026-08-10 13:44:49.784-05,12,0,0
2026-08-10 13:45:49.919-05,12,0,0
2026-08-10 13:46:50.074-05,12,0,0
2026-08-10 13:47:50.39-05,12,0,0
2026-08-10 13:48:50.633-05,12,0,0
2026-08-10 13:49:50.746-05,12,0,0
2026-08-10 13:50:50.986-05,12,0,0
2026-08-10 13:51:51.201-05,12,0,0
2026-08-10 13:52:51.433-05,12,0,0
2026-08-10 13:53:51.673-05,12,0,0
2026-08-10 13:54:51.921-05,12,0,0
2026-08-10 13:55:52.177-05,12,0,0
2026-08-10 13:56:52.446-05,12,0,0
2026-08-10 13:57:52.592-05,12,0,0
2026-08-10 13:58:52.911-05,12,0,0
2026-08-10 13:59:53.235-05,12,0,0
2026-08-10 14:00:53.479-05,12,0,0
2026-08-10 14:01:53.749-05,12,0,0
2026-08-10 14:02:54.034-05,12,0,0
2026-08-10 14:03:54.295-05,12,0,0
2026-08-10 14:04:54.574-05,12,0,0
2026-08-10 14:05:54.747-05,12,0,0
2026-08-10 14:06:54.951-05,12,1,0
2026-08-10 14:07:55.226-05,12,0,0
2026-08-10 14:08:55.472-05,12,0,0
2026-08-10 14:09:55.738-05,12,0,0
2026-08-10 14:10:55.99-05,12,0,0
2026-08-10 14:11:56.116-05,12,1,0
2026-08-10 14:12:56.259-05,12,1,0
2026-08-10 14:13:56.406-05,12,0,0
2026-08-10 14:14:56.641-05,12,0,0
2026-08-10 14:15:56.872-05,12,0,0
2026-08-10 14:16:57.127-05,12,0,0
2026-08-10 14:17:57.327-05,12,0,0
2026-08-10 14:18:57.563-05,12,0,0
2026-08-10 14:19:57.778-05,12,1,0
2026-08-10 14:20:58.136-05,12,0,0
2026-08-10 14:21:58.262-05,12,0,0
2026-08-10 14:22:58.562-05,12,0,0
2026-08-10 14:23:58.77-05,12,0,0
2026-08-10 14:24:59.053-05,12,0,0
2026-08-10 14:25:59.287-05,12,0,0
2026-08-10 14:26:59.508-05,12,0,0
2026-08-10 14:27:59.719-05,12,0,0
2026-08-10 14:28:59.929-05,12,0,0
2026-08-10 14:30:00.158-05,12,0,0
2026-08-10 14:31:00.375-05,12,0,0
2026-08-10 14:32:00.609-05,12,0,0
2026-08-10 14:33:00.832-05,12,1,0
2026-08-10 14:34:01.086-05,12,0,0
2026-08-10 14:35:01.326-05,12,0,0
2026-08-10 14:36:01.599-05,12,0,0
2026-08-10 14:37:01.837-05,12,1,0
2026-08-10 14:38:02.075-05,12,0,0
2026-08-10 14:39:02.375-05,12,2,0
2026-08-10 14:40:02.672-05,12,0,0
2026-08-10 14:41:02.931-05,12,0,0
2026-08-10 14:42:03.156-05,12,0,0
2026-08-10 14:43:03.288-05,12,0,0
2026-08-10 14:44:03.582-05,12,0,0
2026-08-10 14:45:03.811-05,12,0,0
2026-08-10 14:46:04.053-05,12,0,0
2026-08-10 14:47:04.29-05,12,0,0
2026-08-10 14:48:04.54-05,12,0,0
2026-08-10 14:49:04.716-05,12,0,0
2026-08-10 14:50:05.253-05,12,0,0
2026-08-10 14:51:05.42-05,12,0,0
2026-08-10 14:52:05.666-05,12,1,0
2026-08-10 14:53:05.895-05,12,0,0
2026-08-10 14:54:06.122-05,12,0,0
2026-08-10 14:55:06.373-05,12,1,0
2026-08-10 14:56:06.611-05,12,0,0
2026-08-10 14:57:06.838-05,12,1,0
2026-08-10 14:58:07.077-05,12,1,0
2026-08-10 14:59:07.186-05,12,0,0
2026-08-10 15:00:07.485-05,12,0,0
2026-08-10 15:01:07.736-05,12,0,0
2026-08-10 15:02:07.987-05,12,1,0
2026-08-10 15:03:08.239-05,12,1,0
2026-08-10 15:04:08.493-05,12,1,0
2026-08-10 15:05:08.847-05,12,0,0
2026-08-10 15:06:09.075-05,12,2,0
2026-08-10 15:07:09.199-05,12,0,0
2026-08-10 15:08:09.415-05,12,0,0
2026-08-10 15:09:09.634-05,12,0,0
2026-08-10 15:10:09.884-05,12,0,0
2026-08-10 15:11:10.135-05,12,0,0
2026-08-10 15:12:10.396-05,12,0,0
2026-08-10 15:13:10.631-05,12,0,0
2026-08-10 15:14:10.868-05,12,2,0
2026-08-10 15:15:11.014-05,12,0,0
2026-08-10 15:16:11.242-05,12,0,0
2026-08-10 15:17:11.475-05,12,1,0
2026-08-10 15:18:11.766-05,12,0,0
2026-08-10 15:19:11.98-05,12,0,0
2026-08-10 15:20:12.197-05,12,0,0
2026-08-10 15:21:12.432-05,12,0,0
2026-08-10 15:22:12.603-05,12,0,0
2026-08-10 15:23:12.743-05,12,0,0
2026-08-10 15:24:12.993-05,12,0,0
2026-08-10 15:25:13.208-05,12,0,0
2026-08-10 15:26:13.472-05,12,0,0
2026-08-10 15:27:13.745-05,12,0,0
2026-08-10 15:28:13.977-05,12,0,0
2026-08-10 15:29:14.252-05,12,1,0
2026-08-10 15:30:14.512-05,12,0,0
2026-08-10 15:31:14.629-05,12,0,0
2026-08-10 15:32:14.864-05,12,0,0
2026-08-10 15:33:15.075-05,12,1,0
2026-08-10 15:34:15.282-05,12,0,0
2026-08-10 15:35:15.608-05,12,0,0
2026-08-10 15:36:15.846-05,12,0,0
2026-08-10 15:37:16.095-05,12,1,0
2026-08-10 15:38:16.373-05,12,0,0
2026-08-10 15:39:16.491-05,12,0,0
2026-08-10 15:40:16.741-05,12,0,0
2026-08-10 15:41:16.981-05,12,0,0
2026-08-10 15:42:17.195-05,12,0,0
2026-08-10 15:43:17.431-05,12,0,0
2026-08-10 15:44:17.683-05,12,0,0
2026-08-10 15:45:17.935-05,12,1,0
2026-08-10 15:46:18.193-05,12,0,0
2026-08-10 15:47:18.335-05,12,0,0
2026-08-10 15:48:18.579-05,12,0,0
2026-08-10 15:49:18.838-05,12,0,0
2026-08-10 15:50:19.095-05,12,0,0
2026-08-10 15:51:19.329-05,12,0,0
2026-08-10 15:52:19.615-05,12,0,0
2026-08-10 15:53:19.813-05,12,0,0
2026-08-10 15:54:20.067-05,12,0,0
2026-08-10 15:55:20.203-05,12,1,0
2026-08-10 15:56:20.72-05,12,0,0
2026-08-10 15:57:20.981-05,12,0,0
2026-08-10 15:58:21.231-05,12,0,0
2026-08-10 15:59:21.486-05,12,0,0
2026-08-10 16:00:21.766-05,12,0,0
2026-08-10 16:01:22.315-05,12,0,0
2026-08-10 16:02:22.566-05,12,0,0
2026-08-10 16:03:22.684-05,12,1,0
2026-08-10 16:04:23.038-05,12,3,0
2026-08-10 16:05:23.267-05,12,0,0
2026-08-10 16:06:23.533-05,12,0,0
2026-08-10 16:07:23.802-05,12,0,0
2026-08-10 16:08:24.072-05,12,0,0
2026-08-10 16:09:24.476-05,12,0,0
2026-08-10 16:10:24.726-05,12,0,0
2026-08-10 16:11:24.894-05,12,0,0
2026-08-10 16:12:25.01-05,12,0,0
2026-08-10 16:13:25.247-05,12,0,0
2026-08-10 16:14:25.435-05,12,0,0
2026-08-10 16:15:25.741-05,12,0,0
2026-08-10 16:16:26.003-05,12,0,0
2026-08-10 16:17:26.258-05,12,1,0
2026-08-10 16:18:26.597-05,12,0,0
2026-08-10 16:19:26.77-05,12,0,0
2026-08-10 16:20:26.933-05,12,0,0
2026-08-10 16:21:27.159-05,12,0,0
2026-08-10 16:22:27.306-05,12,0,0
2026-08-10 16:23:27.603-05,12,0,0
2026-08-10 16:24:27.835-05,12,1,0
2026-08-10 16:25:28.129-05,12,0,0
2026-08-10 16:26:28.316-05,12,0,0
2026-08-10 16:27:28.437-05,12,0,0
2026-08-10 16:28:28.631-05,12,0,0
2026-08-10 16:29:28.883-05,12,0,0
2026-08-10 16:30:29.094-05,12,0,0
2026-08-10 16:31:29.356-05,12,0,0
2026-08-10 16:32:29.59-05,12,1,0
2026-08-10 16:33:29.766-05,12,1,0
2026-08-10 16:34:30.018-05,12,0,0
2026-08-10 16:35:30.233-05,12,1,0
2026-08-10 16:36:30.375-05,12,1,0
2026-08-10 16:37:30.634-05,12,1,0
2026-08-10 16:38:30.779-05,12,2,0
2026-08-10 16:39:31.085-05,12,1,0
2026-08-10 16:40:31.346-05,12,0,0
2026-08-10 16:41:31.599-05,12,1,0
2026-08-10 16:42:31.848-05,12,0,0
2026-08-10 16:43:32.109-05,12,1,0
2026-08-10 16:44:32.383-05,12,0,0
2026-08-10 16:45:32.698-05,12,0,0
2026-08-10 16:46:32.94-05,12,1,0
2026-08-10 16:47:33.153-05,12,1,0
2026-08-10 16:48:33.38-05,12,1,0
2026-08-10 16:49:33.605-05,12,1,0
2026-08-10 16:50:33.858-05,12,0,0
2026-08-10 16:51:34.092-05,12,0,0
2026-08-10 16:52:34.24-05,12,1,0
2026-08-10 16:53:34.499-05,12,1,0
2026-08-10 16:54:34.641-05,12,0,0
2026-08-10 16:55:34.968-05,12,4,0
2026-08-10 16:56:35.205-05,12,2,0
2026-08-10 16:57:35.484-05,12,0,0
2026-08-10 16:58:35.622-05,12,1,0
2026-08-10 16:59:35.879-05,12,0,0
2026-08-10 17:00:36.022-05,12,0,0
2026-08-10 17:01:36.238-05,12,0,0
2026-08-10 17:02:36.484-05,12,0,0
2026-08-10 17:03:36.715-05,12,0,0
2026-08-10 17:04:37.026-05,12,0,0
2026-08-10 17:05:37.283-05,12,0,0
2026-08-10 17:06:37.387-05,12,0,0
2026-08-10 17:07:37.728-05,12,0,0
2026-08-10 21:36:11.056-05,12,11,0
2026-08-10 21:37:11.522-05,12,0,0
2026-08-10 21:38:11.891-05,12,0,0
2026-08-10 21:39:12.13-05,12,0,0
2026-08-10 21:40:12.335-05,12,1,0
2026-08-10 21:41:12.614-05,12,0,0
2026-08-10 21:42:12.787-05,12,1,0
2026-08-10 21:43:13.264-05,12,0,0
2026-08-10 21:44:13.5-05,12,0,0
2026-08-10 21:45:15.18-05,12,0,0
2026-08-10 21:46:18.015-05,12,0,0
2026-08-10 21:47:18.293-05,12,1,0
2026-08-10 21:48:18.495-05,12,1,0
2026-08-10 21:49:18.652-05,12,0,0
2026-08-10 21:50:18.779-05,12,0,0
2026-08-10 21:51:19.272-05,12,0,0
2026-08-10 21:52:19.442-05,12,1,0
2026-08-10 21:53:19.741-05,12,0,0
2026-08-10 21:54:19.893-05,12,0,0
2026-08-10 21:55:20.171-05,12,1,0
2026-08-10 21:56:20.373-05,12,1,0
2026-08-10 21:57:20.805-05,12,1,0
2026-08-10 21:58:21.38-05,12,1,0
2026-08-10 21:59:21.824-05,12,0,0
2026-08-10 22:00:22.106-05,12,0,0
2026-08-10 22:01:01.606-05,12,0,0
2026-08-10 22:02:02.061-05,12,0,0
2026-08-10 22:03:02.286-05,12,1,0
2026-08-10 22:04:02.519-05,12,2,0
2026-08-10 22:05:02.736-05,12,0,0
2026-08-10 22:06:02.944-05,12,0,0
2026-08-10 22:07:03.119-05,12,1,0
2026-08-10 22:08:03.418-05,12,0,0
2026-08-10 22:09:03.722-05,12,0,0
2026-08-10 22:10:03.935-05,12,0,0
2026-08-10 22:11:04.55-05,12,0,0
2026-08-10 22:12:05.178-05,12,0,0
2026-08-10 22:13:05.458-05,12,0,0
2026-08-10 22:14:06.013-05,12,0,0
2026-08-10 22:15:06.344-05,12,1,0
2026-08-10 22:16:07.246-05,12,0,0
2026-08-10 22:17:07.489-05,12,0,0
2026-08-10 22:18:07.744-05,12,0,0
2026-08-10 22:19:08.028-05,12,0,0
2026-08-10 22:20:08.273-05,12,1,0
2026-08-10 22:21:08.499-05,12,0,0
2026-08-10 22:22:09.38-05,12,0,0
2026-08-10 22:23:11.065-05,12,0,0
2026-08-10 22:24:11.257-05,12,0,0
2026-08-10 22:25:11.736-05,12,1,0
2026-08-10 22:26:12.118-05,12,0,0
2026-08-10 22:27:12.449-05,12,1,0
2026-08-10 22:28:13.039-05,12,0,0
2026-08-10 22:29:13.396-05,12,0,0
2026-08-10 22:29:46.813-05,12,1,0
2026-08-10 22:30:47.117-05,12,0,0
2026-08-10 22:31:47.351-05,12,1,0
2026-08-10 22:32:47.586-05,12,0,0
2026-08-10 22:33:47.851-05,12,0,0
2026-08-10 22:34:48.142-05,12,0,0
2026-08-10 22:35:48.319-05,12,0,0
2026-08-10 22:36:48.486-05,12,0,0
2026-08-10 22:37:48.621-05,12,1,0
2026-08-10 22:38:48.849-05,12,0,0
2026-08-10 22:39:49.032-05,12,0,0
2026-08-10 22:40:49.265-05,12,0,0
2026-08-10 22:41:49.371-05,12,1,0
2026-08-10 22:42:49.784-05,12,1,0
2026-08-10 22:43:49.972-05,12,0,0
2026-08-10 22:44:50.247-05,12,1,0
2026-08-10 22:45:50.399-05,12,0,0
2026-08-10 22:46:50.693-05,12,1,0
2026-08-10 22:47:50.812-05,12,0,0
2026-08-10 22:48:51.096-05,12,0,0
2026-08-10 22:49:51.235-05,12,0,0
2026-08-10 22:50:51.438-05,12,0,0
2026-08-10 22:51:51.57-05,12,0,0
2026-08-10 22:52:51.802-05,12,0,0
2026-08-10 22:53:52.33-05,12,1,0
2026-08-10 22:54:52.569-05,12,0,0
2026-08-10 22:55:52.699-05,12,0,0
2026-08-10 22:56:53.002-05,12,0,0
2026-08-10 22:57:53.127-05,12,0,0
2026-08-10 22:58:53.245-05,12,0,0
2026-08-10 22:59:53.53-05,12,0,0
2026-08-10 23:00:53.633-05,12,0,0
2026-08-10 23:01:53.844-05,12,0,0
2026-08-10 23:02:53.964-05,12,0,0
2026-08-10 23:03:54.108-05,12,0,0
2026-08-10 23:04:54.39-05,12,2,0
2026-08-10 23:05:54.647-05,12,1,0
2026-08-10 23:06:54.972-05,12,0,0
2026-08-10 23:07:55.287-05,12,0,0
2026-08-10 23:08:55.79-05,12,0,0
2026-08-10 23:09:56.025-05,12,0,0
2026-08-10 23:10:56.238-05,12,1,0
2026-08-10 23:11:56.768-05,12,0,0
2026-08-10 23:12:57.181-05,12,1,0
2026-08-10 23:13:57.676-05,12,0,0
2026-08-10 23:14:57.954-05,12,1,0
2026-08-10 23:15:58.286-05,12,1,0
2026-08-10 23:16:58.425-05,12,0,0
