machine_id,started_at,last_observed_at,ended_at,event_type,status_code,status_description,event_seq_code,source_generation
203,2026-08-10 09:29:00.415-05,2026-08-10 16:03:22.684-05,2026-08-10 16:03:22.684-05,B,450,Non Productive,,compact
203,2026-08-10 16:03:22.684-05,2026-08-10 16:04:23.038-05,2026-08-10 16:04:23.038-05,M,47,Make Ready - Time Required to Setup Job,,compact
203,2026-08-10 16:04:23.038-05,2026-08-10 16:33:29.766-05,2026-08-10 16:33:29.766-05,B,95,Press Problem / Impression,,compact
203,2026-08-10 16:33:29.766-05,2026-08-10 21:36:11.056-05,2026-08-10 21:36:11.056-05,G,150,Run Production,,compact
203,2026-08-10 21:36:11.056-05,2026-08-10 21:40:12.335-05,2026-08-10 21:40:12.335-05,B,99,Plates: Wash,,compact
203,2026-08-10 21:40:12.335-05,2026-08-10 23:10:56.238-05,2026-08-10 23:10:56.238-05,G,150,Run Production,,compact
203,2026-08-10 23:10:56.238-05,2026-08-10 23:10:56.238-05,,B,64,Mech - Press Other,,compact
205,2026-08-10 09:29:00.415-05,2026-08-10 09:45:31.477-05,2026-08-10 09:45:31.477-05,B,126,Substrate - Web Break,,compact
205,2026-08-10 09:45:31.477-05,2026-08-10 11:46:25.284-05,2026-08-10 11:46:25.284-05,B,41-1,Maintenance - Mechanical,,compact
205,2026-08-10 11:46:25.284-05,2026-08-10 13:30:48.186-05,2026-08-10 13:30:48.186-05,G,150,Run Production,,compact
205,2026-08-10 13:30:48.186-05,2026-08-10 13:37:48.932-05,2026-08-10 13:37:48.932-05,B,99,Plates: Wash,,compact
205,2026-08-10 13:37:48.932-05,2026-08-10 14:12:56.259-05,2026-08-10 14:12:56.259-05,G,150,Run Production,,compact
205,2026-08-10 14:12:56.259-05,2026-08-10 14:19:57.778-05,2026-08-10 14:19:57.778-05,B,145-4,Plate Wash,,compact
205,2026-08-10 14:19:57.778-05,2026-08-10 15:45:17.935-05,2026-08-10 15:45:17.935-05,G,150,Run Production,,compact
205,2026-08-10 15:45:17.935-05,2026-08-10 16:04:23.038-05,2026-08-10 16:04:23.038-05,B,354,Housekeeping,,compact
205,2026-08-10 16:04:23.038-05,2026-08-10 16:56:35.205-05,2026-08-10 16:56:35.205-05,G,150,Run Production,,compact
205,2026-08-10 16:56:35.205-05,2026-08-10 21:36:11.056-05,2026-08-10 21:36:11.056-05,B,450,Non Productive,,compact
205,2026-08-10 21:36:11.056-05,2026-08-10 23:14:57.954-05,2026-08-10 23:14:57.954-05,G,150,Run Production,,compact
205,2026-08-10 23:14:57.954-05,2026-08-10 23:15:58.286-05,2026-08-10 23:15:58.286-05,M,48,Make Ready Sleeves,,compact
205,2026-08-10 23:15:58.286-05,2026-08-10 23:15:58.286-05,,B,41-2,Maintenance - Electrical,,compact
206,2026-08-10 09:29:00.415-05,2026-08-10 09:54:01.65-05,2026-08-10 09:54:01.65-05,G,150,Run Production,,compact
206,2026-08-10 09:54:01.65-05,2026-08-10 10:46:15.973-05,2026-08-10 10:46:15.973-05,M,47-12,Make Ready Wait for Film,,compact
206,2026-08-10 10:46:15.973-05,2026-08-10 10:47:16.202-05,2026-08-10 10:47:16.202-05,B,450,Non Productive,,compact
206,2026-08-10 10:47:16.202-05,2026-08-10 11:22:18.796-05,2026-08-10 11:22:18.796-05,M,48,Make Ready Sleeves,,compact
206,2026-08-10 11:22:18.796-05,2026-08-10 12:10:29.603-05,2026-08-10 12:10:29.603-05,M,47,Make Ready - Time Required to Setup Job,,compact
206,2026-08-10 12:10:29.603-05,2026-08-10 15:14:10.868-05,2026-08-10 15:14:10.868-05,M,47-9,Make Ready Wait for ink,,compact
206,2026-08-10 15:14:10.868-05,2026-08-10 15:55:20.203-05,2026-08-10 15:55:20.203-05,M,47,Make Ready - Time Required to Setup Job,,compact
206,2026-08-10 15:55:20.203-05,2026-08-10 16:43:32.109-05,2026-08-10 16:43:32.109-05,M,85,Make Ready - Color Match,,compact
206,2026-08-10 16:43:32.109-05,2026-08-10 16:55:34.968-05,2026-08-10 16:55:34.968-05,G,150,Run Production,,compact
206,2026-08-10 16:55:34.968-05,2026-08-10 21:36:11.056-05,2026-08-10 21:36:11.056-05,B,450,Non Productive,,compact
206,2026-08-10 21:36:11.056-05,2026-08-10 22:04:02.519-05,2026-08-10 22:04:02.519-05,B,95,Press Problem / Impression,,compact
206,2026-08-10 22:04:02.519-05,2026-08-10 22:04:02.519-05,,B,145-99,Other,,compact
207,2026-08-10 09:29:00.415-05,2026-08-10 09:45:31.477-05,2026-08-10 09:45:31.477-05,G,150,Run Production,,compact
207,2026-08-10 09:45:31.477-05,2026-08-10 09:53:01.451-05,2026-08-10 09:53:01.451-05,B,99,Plates: Wash,,compact
207,2026-08-10 09:53:01.451-05,2026-08-10 14:39:02.375-05,2026-08-10 14:39:02.375-05,G,150,Run Production,,compact
207,2026-08-10 14:39:02.375-05,2026-08-10 14:57:06.838-05,2026-08-10 14:57:06.838-05,B,83,Drum: Clean,,compact
207,2026-08-10 14:57:06.838-05,2026-08-10 16:37:30.634-05,2026-08-10 16:37:30.634-05,G,150,Run Production,,compact
207,2026-08-10 16:37:30.634-05,2026-08-10 16:38:30.779-05,2026-08-10 16:38:30.779-05,M,47,Make Ready - Time Required to Setup Job,,compact
207,2026-08-10 16:38:30.779-05,2026-08-10 16:56:35.205-05,2026-08-10 16:56:35.205-05,G,150,Run Production,,compact
207,2026-08-10 16:56:35.205-05,2026-08-10 21:36:11.056-05,2026-08-10 21:36:11.056-05,B,450,Non Productive,,compact
207,2026-08-10 21:36:11.056-05,2026-08-10 22:15:06.344-05,2026-08-10 22:15:06.344-05,G,150,Run Production,,compact
207,2026-08-10 22:15:06.344-05,2026-08-10 22:15:06.344-05,,B,95,Press Problem / Impression,,compact
208,2026-08-10 09:29:00.415-05,2026-08-10 09:32:00.849-05,2026-08-10 09:32:00.849-05,M,80,Anilox: Change,,compact
208,2026-08-10 09:32:00.849-05,2026-08-10 11:05:14.122-05,2026-08-10 11:05:14.122-05,G,150,Run Production,,compact
208,2026-08-10 11:05:14.122-05,2026-08-10 11:15:17.039-05,2026-08-10 11:15:17.039-05,M,48,Make Ready Sleeves,,compact
208,2026-08-10 11:15:17.039-05,2026-08-10 11:45:25-05,2026-08-10 11:45:25-05,B,64,Mech - Press Other,,compact
208,2026-08-10 11:45:25-05,2026-08-10 12:39:35.431-05,2026-08-10 12:39:35.431-05,M,47,Make Ready - Time Required to Setup Job,,compact
208,2026-08-10 12:39:35.431-05,2026-08-10 12:40:35.681-05,2026-08-10 12:40:35.681-05,B,450,Non Productive,,compact
208,2026-08-10 12:40:35.681-05,2026-08-10 12:49:37.832-05,2026-08-10 12:49:37.832-05,M,47,Make Ready - Time Required to Setup Job,,compact
208,2026-08-10 12:49:37.832-05,2026-08-10 14:33:00.832-05,2026-08-10 14:33:00.832-05,G,150,Run Production,,compact
208,2026-08-10 14:33:00.832-05,2026-08-10 14:37:01.837-05,2026-08-10 14:37:01.837-05,B,99,Plates: Wash,,compact
208,2026-08-10 14:37:01.837-05,2026-08-10 15:02:07.987-05,2026-08-10 15:02:07.987-05,G,150,Run Production,,compact
208,2026-08-10 15:02:07.987-05,2026-08-10 15:03:08.239-05,2026-08-10 15:03:08.239-05,B,450,Non Productive,,compact
208,2026-08-10 15:03:08.239-05,2026-08-10 15:33:15.075-05,2026-08-10 15:33:15.075-05,G,150,Run Production,,compact
208,2026-08-10 15:33:15.075-05,2026-08-10 15:37:16.095-05,2026-08-10 15:37:16.095-05,B,99,Plates: Wash,,compact
208,2026-08-10 15:37:16.095-05,2026-08-10 21:36:11.056-05,2026-08-10 21:36:11.056-05,G,150,Run Production,,compact
208,2026-08-10 21:36:11.056-05,2026-08-10 21:36:11.056-05,,M,47,Make Ready - Time Required to Setup Job,,compact
209,2026-08-10 09:29:00.415-05,2026-08-10 10:32:11.899-05,2026-08-10 10:32:11.899-05,G,150,Run Production,,compact
209,2026-08-10 10:32:11.899-05,2026-08-10 10:45:15.697-05,2026-08-10 10:45:15.697-05,B,350,Roll Change,,compact
209,2026-08-10 10:45:15.697-05,2026-08-10 11:40:23.805-05,2026-08-10 11:40:23.805-05,G,150,Run Production,,compact
209,2026-08-10 11:40:23.805-05,2026-08-10 11:45:25-05,2026-08-10 11:45:25-05,B,99,Plates: Wash,,compact
209,2026-08-10 11:45:25-05,2026-08-10 12:40:35.681-05,2026-08-10 12:40:35.681-05,G,150,Run Production,,compact
209,2026-08-10 12:40:35.681-05,2026-08-10 12:44:36.681-05,2026-08-10 12:44:36.681-05,B,99,Plates: Wash,,compact
209,2026-08-10 12:44:36.681-05,2026-08-10 14:39:02.375-05,2026-08-10 14:39:02.375-05,G,150,Run Production,,compact
209,2026-08-10 14:39:02.375-05,2026-08-10 14:52:05.666-05,2026-08-10 14:52:05.666-05,B,99,Plates: Wash,,compact
209,2026-08-10 14:52:05.666-05,2026-08-10 14:55:06.373-05,2026-08-10 14:55:06.373-05,G,150,Run Production,,compact
209,2026-08-10 14:55:06.373-05,2026-08-10 14:58:07.077-05,2026-08-10 14:58:07.077-05,B,95,Press Problem / Impression,,compact
209,2026-08-10 14:58:07.077-05,2026-08-10 15:14:10.868-05,2026-08-10 15:14:10.868-05,G,150,Run Production,,compact
209,2026-08-10 15:14:10.868-05,2026-08-10 15:17:11.475-05,2026-08-10 15:17:11.475-05,B,99,Plates: Wash,,compact
209,2026-08-10 15:17:11.475-05,2026-08-10 16:24:27.835-05,2026-08-10 16:24:27.835-05,G,150,Run Production,,compact
209,2026-08-10 16:24:27.835-05,2026-08-10 16:41:31.599-05,2026-08-10 16:41:31.599-05,M,48,Make Ready Sleeves,,compact
209,2026-08-10 16:41:31.599-05,2026-08-10 21:36:11.056-05,2026-08-10 21:36:11.056-05,M,47-99,Make Ready Other,,compact
209,2026-08-10 21:36:11.056-05,2026-08-10 21:48:18.495-05,2026-08-10 21:48:18.495-05,B,350,Roll Change,,compact
209,2026-08-10 21:48:18.495-05,2026-08-10 21:56:20.373-05,2026-08-10 21:56:20.373-05,B,83,Drum: Clean,,compact
209,2026-08-10 21:56:20.373-05,2026-08-10 22:04:02.519-05,2026-08-10 22:04:02.519-05,G,150,Run Production,,compact
209,2026-08-10 22:04:02.519-05,2026-08-10 22:25:11.736-05,2026-08-10 22:25:11.736-05,B,350,Roll Change,,compact
209,2026-08-10 22:25:11.736-05,2026-08-10 22:53:52.33-05,2026-08-10 22:53:52.33-05,G,150,Run Production,,compact
209,2026-08-10 22:53:52.33-05,2026-08-10 22:53:52.33-05,,M,48,Make Ready Sleeves,,compact
210,2026-08-10 09:29:00.415-05,2026-08-10 21:52:19.442-05,2026-08-10 21:52:19.442-05,B,450,Non Productive,,compact
210,2026-08-10 21:52:19.442-05,2026-08-10 21:57:20.805-05,2026-08-10 21:57:20.805-05,M,47,Make Ready - Time Required to Setup Job,,compact
210,2026-08-10 21:57:20.805-05,2026-08-10 21:58:21.38-05,2026-08-10 21:58:21.38-05,M,48,Make Ready Sleeves,,compact
210,2026-08-10 21:58:21.38-05,2026-08-10 22:03:02.286-05,2026-08-10 22:03:02.286-05,G,150,Run Production,,compact
210,2026-08-10 22:03:02.286-05,2026-08-10 22:20:08.273-05,2026-08-10 22:20:08.273-05,M,47-8,Make Ready Color Match,,compact
210,2026-08-10 22:20:08.273-05,2026-08-10 22:29:46.813-05,2026-08-10 22:29:46.813-05,B,83,Drum: Clean,,compact
210,2026-08-10 22:29:46.813-05,2026-08-10 22:41:49.371-05,2026-08-10 22:41:49.371-05,M,47,Make Ready - Time Required to Setup Job,,compact
210,2026-08-10 22:41:49.371-05,2026-08-10 23:04:54.39-05,2026-08-10 23:04:54.39-05,B,95,Press Problem / Impression,,compact
210,2026-08-10 23:04:54.39-05,2026-08-10 23:05:54.647-05,2026-08-10 23:05:54.647-05,B,139,Rewind Material,,compact
210,2026-08-10 23:05:54.647-05,2026-08-10 23:05:54.647-05,,B,64,Mech - Press Other,,compact
211,2026-08-10 09:29:00.415-05,2026-08-10 10:37:13.411-05,2026-08-10 10:37:13.411-05,M,47,Make Ready - Time Required to Setup Job,,compact
211,2026-08-10 10:37:13.411-05,2026-08-10 12:00:27.975-05,2026-08-10 12:00:27.975-05,M,47-20,Make Ready Out of Register,,compact
211,2026-08-10 12:00:27.975-05,2026-08-10 12:30:33.627-05,2026-08-10 12:30:33.627-05,M,47-17,Make Ready Dirty Anilox,,compact
211,2026-08-10 12:30:33.627-05,2026-08-10 16:46:32.94-05,2026-08-10 16:46:32.94-05,G,150,Run Production,,compact
211,2026-08-10 16:46:32.94-05,2026-08-10 16:58:35.622-05,2026-08-10 16:58:35.622-05,B,83,Drum: Clean,,compact
211,2026-08-10 16:58:35.622-05,2026-08-10 21:36:11.056-05,2026-08-10 21:36:11.056-05,B,450,Non Productive,,compact
211,2026-08-10 21:36:11.056-05,2026-08-10 22:42:49.784-05,2026-08-10 22:42:49.784-05,B,450,Non Productive,,compact
211,2026-08-10 22:42:49.784-05,2026-08-10 22:42:49.784-05,,M,47,Make Ready - Time Required to Setup Job,,compact
212,2026-08-10 09:29:00.415-05,2026-08-10 15:06:09.075-05,2026-08-10 15:06:09.075-05,G,150,Run Production,,compact
212,2026-08-10 15:06:09.075-05,2026-08-10 16:17:26.258-05,2026-08-10 16:17:26.258-05,M,47-17,Make Ready Dirty Anilox,,compact
212,2026-08-10 16:17:26.258-05,2026-08-10 16:32:29.59-05,2026-08-10 16:32:29.59-05,B,354,Housekeeping,,compact
212,2026-08-10 16:32:29.59-05,2026-08-10 16:38:30.779-05,2026-08-10 16:38:30.779-05,G,150,Run Production,,compact
212,2026-08-10 16:38:30.779-05,2026-08-10 16:39:31.085-05,2026-08-10 16:39:31.085-05,B,145-2,Poor Print,,compact
212,2026-08-10 16:39:31.085-05,2026-08-10 16:55:34.968-05,2026-08-10 16:55:34.968-05,G,150,Run Production,,compact
212,2026-08-10 16:55:34.968-05,2026-08-10 21:36:11.056-05,2026-08-10 21:36:11.056-05,B,450,Non Productive,,compact
212,2026-08-10 21:36:11.056-05,2026-08-10 22:44:50.247-05,2026-08-10 22:44:50.247-05,G,150,Run Production,,compact
212,2026-08-10 22:44:50.247-05,2026-08-10 22:44:50.247-05,,B,145-3,Drum Clean,,compact
213,2026-08-10 09:29:00.415-05,2026-08-10 10:35:12.605-05,2026-08-10 10:35:12.605-05,G,150,Run Production,,compact
213,2026-08-10 10:35:12.605-05,2026-08-10 11:08:14.951-05,2026-08-10 11:08:14.951-05,B,99,Plates: Wash,,compact
213,2026-08-10 11:08:14.951-05,2026-08-10 12:00:27.975-05,2026-08-10 12:00:27.975-05,G,150,Run Production,,compact
213,2026-08-10 12:00:27.975-05,2026-08-10 12:30:33.627-05,2026-08-10 12:30:33.627-05,M,47-4,Make Ready Bouncing,,compact
213,2026-08-10 12:30:33.627-05,2026-08-10 12:31:33.846-05,2026-08-10 12:31:33.846-05,G,150,Run Production,,compact
213,2026-08-10 12:31:33.846-05,2026-08-10 12:51:38.299-05,2026-08-10 12:51:38.299-05,M,47-4,Make Ready Bouncing,,compact
213,2026-08-10 12:51:38.299-05,2026-08-10 16:36:30.375-05,2026-08-10 16:36:30.375-05,G,150,Run Production,,compact
213,2026-08-10 16:36:30.375-05,2026-08-10 16:53:34.499-05,2026-08-10 16:53:34.499-05,M,47-3,Make Ready Ghosting,,compact
213,2026-08-10 16:53:34.499-05,2026-08-10 16:55:34.968-05,2026-08-10 16:55:34.968-05,B,354,Housekeeping,,compact
213,2026-08-10 16:55:34.968-05,2026-08-10 21:36:11.056-05,2026-08-10 21:36:11.056-05,B,450,Non Productive,,compact
213,2026-08-10 21:36:11.056-05,2026-08-10 21:36:11.056-05,,G,150,Run Production,,compact
214,2026-08-10 09:29:00.415-05,2026-08-10 10:21:08.961-05,2026-08-10 10:21:08.961-05,G,150,Run Production,,compact
214,2026-08-10 10:21:08.961-05,2026-08-10 10:24:09.744-05,2026-08-10 10:24:09.744-05,B,450,Non Productive,,compact
214,2026-08-10 10:24:09.744-05,2026-08-10 10:33:12.166-05,2026-08-10 10:33:12.166-05,M,47,Make Ready - Time Required to Setup Job,,compact
214,2026-08-10 10:33:12.166-05,2026-08-10 11:58:27.508-05,2026-08-10 11:58:27.508-05,G,150,Run Production,,compact
214,2026-08-10 11:58:27.508-05,2026-08-10 12:56:41.854-05,2026-08-10 12:56:41.854-05,B,87,Ink: Off Color,,compact
214,2026-08-10 12:56:41.854-05,2026-08-10 14:06:54.951-05,2026-08-10 14:06:54.951-05,G,150,Run Production,,compact
214,2026-08-10 14:06:54.951-05,2026-08-10 14:11:56.116-05,2026-08-10 14:11:56.116-05,B,450,Non Productive,,compact
214,2026-08-10 14:11:56.116-05,2026-08-10 15:06:09.075-05,2026-08-10 15:06:09.075-05,M,48,Make Ready Sleeves,,compact
214,2026-08-10 15:06:09.075-05,2026-08-10 16:04:23.038-05,2026-08-10 16:04:23.038-05,M,47,Make Ready - Time Required to Setup Job,,compact
214,2026-08-10 16:04:23.038-05,2026-08-10 16:47:33.153-05,2026-08-10 16:47:33.153-05,M,80,Anilox: Change,,compact
214,2026-08-10 16:47:33.153-05,2026-08-10 16:48:33.38-05,2026-08-10 16:48:33.38-05,B,450,Non Productive,,compact
214,2026-08-10 16:48:33.38-05,2026-08-10 16:49:33.605-05,2026-08-10 16:49:33.605-05,M,47,Make Ready - Time Required to Setup Job,,compact
214,2026-08-10 16:49:33.605-05,2026-08-10 16:52:34.24-05,2026-08-10 16:52:34.24-05,M,47,Make Ready - Time Required to Setup Job,,compact
214,2026-08-10 16:52:34.24-05,2026-08-10 21:36:11.056-05,2026-08-10 21:36:11.056-05,B,450,Non Productive,,compact
214,2026-08-10 21:36:11.056-05,2026-08-10 21:42:12.787-05,2026-08-10 21:42:12.787-05,M,47,Make Ready - Time Required to Setup Job,,compact
214,2026-08-10 21:42:12.787-05,2026-08-10 21:55:20.171-05,2026-08-10 21:55:20.171-05,B,145-8,Dr. Blade Change,,compact
214,2026-08-10 21:55:20.171-05,2026-08-10 22:07:03.119-05,2026-08-10 22:07:03.119-05,M,47,Make Ready - Time Required to Setup Job,,compact
214,2026-08-10 22:07:03.119-05,2026-08-10 22:31:47.351-05,2026-08-10 22:31:47.351-05,M,47-8,Make Ready Color Match,,compact
214,2026-08-10 22:31:47.351-05,2026-08-10 22:37:48.621-05,2026-08-10 22:37:48.621-05,M,47,Make Ready - Time Required to Setup Job,,compact
214,2026-08-10 22:37:48.621-05,2026-08-10 22:37:48.621-05,,M,47-16,MR Score Line (Anilox),,compact
215,2026-08-10 09:29:00.415-05,2026-08-10 10:45:15.697-05,2026-08-10 10:45:15.697-05,G,150,Run Production,,compact
215,2026-08-10 10:45:15.697-05,2026-08-10 10:49:40.152-05,2026-08-10 10:49:40.152-05,M,48,Make Ready Sleeves,,compact
215,2026-08-10 10:49:40.152-05,2026-08-10 11:56:27.03-05,2026-08-10 11:56:27.03-05,M,47,Make Ready - Time Required to Setup Job,,compact
215,2026-08-10 11:56:27.03-05,2026-08-10 12:22:31.844-05,2026-08-10 12:22:31.844-05,M,80,Anilox: Change,,compact
215,2026-08-10 12:22:31.844-05,2026-08-10 12:53:38.683-05,2026-08-10 12:53:38.683-05,M,47,Make Ready - Time Required to Setup Job,,compact
215,2026-08-10 12:53:38.683-05,2026-08-10 15:04:08.493-05,2026-08-10 15:04:08.493-05,G,150,Run Production,,compact
215,2026-08-10 15:04:08.493-05,2026-08-10 15:29:14.252-05,2026-08-10 15:29:14.252-05,B,95,Press Problem / Impression,,compact
215,2026-08-10 15:29:14.252-05,2026-08-10 16:35:30.233-05,2026-08-10 16:35:30.233-05,G,150,Run Production,,compact
215,2026-08-10 16:35:30.233-05,2026-08-10 16:55:34.968-05,2026-08-10 16:55:34.968-05,B,354,Housekeeping,,compact
215,2026-08-10 16:55:34.968-05,2026-08-10 21:36:11.056-05,2026-08-10 21:36:11.056-05,B,450,Non Productive,,compact
215,2026-08-10 21:36:11.056-05,2026-08-10 21:47:18.293-05,2026-08-10 21:47:18.293-05,G,150,Run Production,,compact
215,2026-08-10 21:47:18.293-05,2026-08-10 22:27:12.449-05,2026-08-10 22:27:12.449-05,B,95,Press Problem / Impression,,compact
215,2026-08-10 22:27:12.449-05,2026-08-10 22:46:50.693-05,2026-08-10 22:46:50.693-05,G,150,Run Production,,compact
215,2026-08-10 22:46:50.693-05,2026-08-10 23:04:54.39-05,2026-08-10 23:04:54.39-05,B,29,Electrical: Press Other,,compact
215,2026-08-10 23:04:54.39-05,2026-08-10 23:12:57.181-05,2026-08-10 23:12:57.181-05,G,150,Run Production,,compact
215,2026-08-10 23:12:57.181-05,2026-08-10 23:12:57.181-05,,B,95,Press Problem / Impression,,compact
